<?xml version="1.0" encoding="UTF-8"?>
<project-private xmlns="http://www.netbeans.org/ns/project-private/1">
    <editor-bookmarks xmlns="http://www.netbeans.org/ns/editor-bookmarks/2" lastBookmarkId="0"/>
    <open-files xmlns="http://www.netbeans.org/ns/projectui-open-files/2">
        <group>
            <file>file:/D:/codeforces/J0070/src/j0070/Main.java</file>
            <file>file:/D:/codeforces/J0070/src/j0070/EBank.java</file>
            <file>file:/D:/codeforces/J0070/src/Language/vi.properties</file>
            <file>file:/D:/codeforces/J0070/src/Language/En.properties</file>
        </group>
        <group name="LAB211"/>
    </open-files>
</project-private>
