<?xml version="1.0" encoding="UTF-8"?>
<project-private xmlns="http://www.netbeans.org/ns/project-private/1">
    <editor-bookmarks xmlns="http://www.netbeans.org/ns/editor-bookmarks/2" lastBookmarkId="0"/>
    <open-files xmlns="http://www.netbeans.org/ns/projectui-open-files/2">
        <group>
            <file>file:/C:/Users/XuanHuy/Desktop/Fall%202023/LAB211/Code/J1SP0053/P0053/src/p0053/P0053.java</file>
            <file>file:/C:/Users/XuanHuy/Desktop/Fall%202023/LAB211/Code/J1SP0053/P0053/src/p0053/Main.java</file>
            <file>file:/C:/Users/XuanHuy/Desktop/Fall%202023/LAB211/Code/J1SP0053/P0053/src/p0053/Validate.java</file>
        </group>
    </open-files>
</project-private>
