<?xml version="1.0" encoding="UTF-8"?>
<project-private xmlns="http://www.netbeans.org/ns/project-private/1">
    <editor-bookmarks xmlns="http://www.netbeans.org/ns/editor-bookmarks/2" lastBookmarkId="0"/>
    <open-files xmlns="http://www.netbeans.org/ns/projectui-open-files/2">
        <group>
            <file>file:/C:/Users/win/Desktop/LAB211_FALL23/slot6/ManagerShape/src/main/Main.java</file>
            <file>file:/C:/Users/win/Desktop/LAB211_FALL23/slot6/ManagerShape/src/validate/Validator.java</file>
            <file>file:/C:/Users/win/Desktop/LAB211_FALL23/slot6/ManagerShape/src/shape/Triangle.java</file>
            <file>file:/C:/Users/win/Desktop/LAB211_FALL23/slot6/ManagerShape/src/shape/Rectangle.java</file>
            <file>file:/C:/Users/win/Desktop/LAB211_FALL23/slot6/ManagerShape/src/shape/Shape.java</file>
            <file>file:/C:/Users/win/Desktop/LAB211_FALL23/slot6/ManagerShape/src/shape/Circle.java</file>
        </group>
        <group name="CSI201"/>
    </open-files>
</project-private>
